Indicator,Type
C:\Windows\TEMP\[random]\[random].cmdline,Folder Path
C:\Windows\Microsoft.NET\Framework64\v4.0.30319\Temporary ASP.NET Files\root\[random]\[random]\App_Web_[random].dll,Filename
human2.aspx,Filename
human2.aspx.lnk,Filename
huamn2.aspx.[random].compiled,Filename
POST /moveitisapi/moveitisapi.dll,HTTP Request
POST /guestaccess.aspx,HTTP Request
POST /api/v1/folders/[random]/files,HTTP Request
GET /human2.aspx,HTTP Request
Health Check Service,User Account
5.252.23.116,IPv4
5.252.25.88,IPv4
84.234.96.104,IPv4
89.39.105.108,IPv4
138.197.152.201,IPv4
148.113.152.144,IPv4
198.12.76.214,IPv4
209.97.137.33,IPv4
209.222.103.170,IPv4
104.194.222.107,IPv4
146.0.77.141,IPv4
146.0.77.155,IPv4
146.0.77.183,IPv4
162.244.34.26,IPv4
162.244.35.6,IPv4
179.60.150.143,IPv4
185.104.194.156,IPv4
185.104.194.24,IPv4
185.104.194.40,IPv4
185.117.88.17,IPv4
185.162.128.75,IPv4
185.174.100.215,IPv4
185.174.100.250,IPv4
185.181.229.240,IPv4
185.181.229.73,IPv4
185.183.32.122,IPv4
185.185.50.172,IPv4
188.241.58.244,IPv4
193.169.245.79,IPv4
194.33.40.103,IPv4
194.33.40.104,IPv4
194.33.40.164,IPv4
198.27.75.110,IPv4
206.221.182.106,IPv4
209.127.116.122,IPv4
209.127.4.22,IPv4
45.227.253.133,IPv4
45.227.253.147,IPv4
45.227.253.50,IPv4
45.227.253.6,IPv4
45.227.253.82,IPv4
45.56.165.248,IPv4
5.149.248.68,IPv4
5.149.250.74,IPv4
5.149.250.92,IPv4
5.188.86.114,IPv4
5.188.86.250,IPv4
5.188.87.194,IPv4
5.188.87.226,IPv4
5.188.87.27,IPv4
5.34.180.205,IPv4
62.112.11.57,IPv4
62.182.82.19,IPv4
62.182.85.234,IPv4
66.85.26.215,IPv4
66.85.26.234,IPv4
66.85.26.248,IPv4
79.141.160.78,IPv4
79.141.160.83,IPv4
84.234.96.31,IPv4
89.39.104.118,IPv4
91.202.4.76,IPv4
91.222.174.95,IPv4
91.229.76.187,IPv4
93.190.142.131,IPv4
188.241.58.0/24,CIDR
5.252.189.0/24,CIDR
5.252.190.0/24,CIDR
5.252.191.0/24,CIDR
"Mozilla/5.0+(Windows+NT+10.0;+Win64;+x64)+AppleWebKit/537.36+(KHTML,+like+Gecko)+Chrome/105.0.5195.102+Safari/537.36",User Agent
dojustit[.]mooo[.]com,Domain
0b3220b11698b1436d1d866ac07cc90018e59884e91a8cb71ef8924309f1e0e9,SHA256 Hash
110e301d3b5019177728010202c8096824829c0b11bb0dc0bff55547ead18286,SHA256 Hash
1826268249e1ea58275328102a5a8d158d36b4fd312009e4a2526f0bfbc30de2,SHA256 Hash
2ccf7e42afd3f6bf845865c74b2e01e2046e541bb633d037b05bd1cdb296fa59,SHA256 Hash
58ccfb603cdc4d305fddd52b84ad3f58ff554f1af4d7ef164007cb8438976166,SHA256 Hash
98a30c7251cf622bd4abce92ab527c3f233b817a57519c2dd2bf8e3d3ccb7db8,SHA256 Hash
a8f6c1ccba662a908ef7b0cb3cc59c2d1c9e2cbbe1866937da81c4c616e68986,SHA256 Hash
b5ef11d04604c9145e4fe1bedaeb52f2c2345703d52115a5bf11ea56d7fb6b03,SHA256 Hash
cec425b3383890b63f5022054c396f6d510fae436041add935cd6ce42033f621,SHA256 Hash
ed0c3e75b7ac2587a5892ca951707b4e0dd9c8b18aaf8590c24720d73aa6b90c,SHA256 Hash
0b3220b11698b1436d1d866ac07cc90018e59884e91a8cb71ef8924309f1e0e9,SHA256 Hash
110e301d3b5019177728010202c8096824829c0b11bb0dc0bff55547ead18286,SHA256 Hash
1826268249e1ea58275328102a5a8d158d36b4fd312009e4a2526f0bfbc30de2,SHA256 Hash
2ccf7e42afd3f6bf845865c74b2e01e2046e541bb633d037b05bd1cdb296fa59,SHA256 Hash
58ccfb603cdc4d305fddd52b84ad3f58ff554f1af4d7ef164007cb8438976166,SHA256 Hash
98a30c7251cf622bd4abce92ab527c3f233b817a57519c2dd2bf8e3d3ccb7db8,SHA256 Hash
a8f6c1ccba662a908ef7b0cb3cc59c2d1c9e2cbbe1866937da81c4c616e68986,SHA256 Hash
b5ef11d04604c9145e4fe1bedaeb52f2c2345703d52115a5bf11ea56d7fb6b03,SHA256 Hash
cec425b3383890b63f5022054c396f6d510fae436041add935cd6ce42033f621,SHA256 Hash
ed0c3e75b7ac2587a5892ca951707b4e0dd9c8b18aaf8590c24720d73aa6b90c,SHA256 Hash
